<code_scheme name="Default" version="173">
  <option name="RIGHT_MARGIN" value="80" />
  <option name="WRAP_WHEN_TYPING_REACHES_RIGHT_MARGIN" value="true" />
  <option name="SOFT_MARGINS" value="80" />
  <PHPCodeStyleSettings>
    <option name="INDENT_CODE_IN_PHP_TAGS" value="true" />
  </PHPCodeStyleSettings>
  <codeStyleSettings language="HTML">
    <indentOptions>
      <option name="USE_TAB_CHARACTER" value="true" />
      <option name="SMART_TABS" value="true" />
    </indentOptions>
  </codeStyleSettings>
  <codeStyleSettings language="JavaScript">
    <indentOptions>
      <option name="USE_TAB_CHARACTER" value="true" />
      <option name="SMART_TABS" value="true" />
    </indentOptions>
  </codeStyleSettings>
  <codeStyleSettings language="PHP">
    <indentOptions>
      <option name="USE_TAB_CHARACTER" value="true" />
      <option name="SMART_TABS" value="true" />
      <option name="KEEP_INDENTS_ON_EMPTY_LINES" value="true" />
    </indentOptions>
  </codeStyleSettings>
</code_scheme>