<application>
  <component name="DefaultFont">
    <option name="FONT_SIZE" value="15" />
    <option name="FONT_FAMILY" value="Fira Code Light" />
    <option name="USE_LIGATURES" value="true" />
  </component>
  <component name="EditorSettings">
    <option name="languageBreadcrumbsMap">
      <map>
        <entry key="PHP" value="true" />
      </map>
    </option>
    <option name="SHOW_BREADCRUMBS_ABOVE" value="true" />
    <option name="SHOW_PARAMETER_NAME_HINTS" value="false" />
  </component>
</application>